coupon_id,plant,billnum,material,promo_id,coupon_date
A000001,M003,900443454,32204,3638616237621EEBA4EF73792BE10EAE,2021-01-01
A000002,M003,900443454,55414,3638616237621ECJIO7R77DF8B364EB8,2021-01-01
A000003,M003,900443454,55417,3638616237621EEBA4EF75D65ADA0EB1,2021-01-01
A000004,M003,900443454,70245,3638616237621EEBA4EF77DF8B364EB8,2021-01-01
A000005,M005,900498502,7000009745,005056A75DDC1EEAA9BC2CA7D9AA66EE,2021-01-01
A000006,M013,900461404,7000009745,005056A75DDC1EEAA9BC2CA7D9AA66EE,2021-01-03
A000007,M007,900796341,32204,3638616237621EEBA4EF73792BE10EAE,2021-01-03
A000008,M003,900541857,7000009745,005056A75DDC1EEAA9BC2CA7D9AA66EE,2021-01-04
A000009,M003,900541857,7000009745,005056A75DDC1EEAA9BC2CA7D9AA66EE,2021-01-04
A000010,M012,900658343,32204,3638616237621EEBA4EF73792BE10EAE,2021-01-04
A000011,M014,900591527,7000009745,005056A75DDC1EEAA9BC2CA7D9AA66EE,2021-01-07
A000012,M014,900591527,7000009745,005056A75DDC1EEAA9BC2CA7D9AA66EE,2021-01-07
A000013,M004,900571818,7000009745,005056A75DDC1EEAA9BC2CA7D9AA66EE,2021-01-08
A000014,M003,900497413,7000009745,005056A75DDC1EEAA9BC2CA7D9AA66EE,2021-01-09
A000015,M001,900592845,7000009745,005056A75DDC1EEAA9BC2CA7D9AA66EE,2021-01-10
A000016,M005,900783126,32204,3638616237621EEBA4EF73792BE10EAE,2021-01-10
A000017,M011,900644866,7000009745,005056A75DDC1EEAA9BC2CA7D9AA66EE,2021-01-12
A000018,M005,900838788,95035,005056A75DDC1EEAAAB5461946344AFB,2021-01-12
A000019,M009,900796973,32204,3638616237621EEBA4EF73792BE10EAE,2021-01-13
A000020,M010,900605593,7000009745,005056A75DDC1EEAA9BC2CA7D9AA66EE,2021-01-14
A000021,M011,900728754,7000009745,005056A75DDC1EEAA9BC2CA7D9AA66EE,2021-01-14
A000022,M011,900728754,7000009745,005056A75DDC1EEAA9BC2CA7D9AA66EE,2021-01-14
A000023,M004,900654632,7000009745,005056A75DDC1EEAA9BC2CA7D9AA66EE,2021-01-15
A000024,M010,900731206,7000009745,005056A75DDC1EEAA9BC2CA7D9AA66EE,2021-01-16
A000025,M013,900737789,7000009745,005056A75DDC1EEAA9BC2CA7D9AA66EE,2021-01-18
A000026,M002,900764707,7000009745,005056A75DDC1EEAA9BC2CA7D9AA66EE,2021-01-20
A000027,M006,900776163,7000009745,005056A75DDC1EEAA9BC2CA7D9AA66EE,2021-01-21
A000028,M003,900748945,7000009745,005056A75DDC1EEAA9BC2CA7D9AA66EE,2021-01-22
A000029,M003,900809360,7000009745,005056A75DDC1EEAA9BC2CA7D9AA66EE,2021-01-23
A000030,M008,900752569,32204,3638616237621EEBA4EF73792BE10EAE,2021-01-24
A000031,M008,900752569,55414,3638616237621ECJIO7R77DF8B364EB8,2021-01-24
A000032,M008,900752569,55414,3638616237621EEBA4EF84B64BB40F85,2021-01-24
A000033,M008,900752569,55417,3638616237621EEBA4EF75D65ADA0EB1,2021-01-24
A000034,M008,900752569,55480,005056A75DDC1EEAAAB458BDA341E971,2021-01-24
A000035,M001,900795718,7000009745,005056A75DDC1EEAA9BC2CA7D9AA66EE,2021-01-24
A000036,M001,900820218,32204,3638616237621EEBA4EF73792BE10EAE,2021-01-26
A000037,M001,900820218,55414,3638616237621EEBA4EF84B64BB40F85,2021-01-26
A000038,M001,900820218,55417,3638616237621EEBA4EF75D65ADA0EB1,2021-01-26
A000039,M001,900820218,55480,005056A75DDC1EEAAAB458BDA341E971,2021-01-26
A000040,M004,900854648,7000009745,005056A75DDC1EEAA9BC2CA7D9AA66EE,2021-01-26
A000041,M008,900795095,7000009745,005056A75DDC1EEAA9BC2CA7D9AA66EE,2021-01-28
A000042,M012,900896356,32204,3638616237621EEBA4EF73792BE10EAE,2021-01-29
A000043,M012,900896356,55414,3638616237621ECJIO7R77DF8B364EB8,2021-01-29
A000044,M012,900896356,55414,3638616237621ECJIO7R77DF8B364EB8,2021-01-29
A000045,M012,900896356,55417,3638616237621EEBA4EF75D65ADA0EB1,2021-01-29
A000046,M003,900749134,7000009745,005056A75DDC1EEAA9BC2CA7D9AA66EE,2021-01-30
A000047,M012,900929458,7000009745,005056A75DDC1EEAA9BC2CA7D9AA66EE,2021-01-31
A000048,M008,900910056,32204,3638616237621EEBA4EF73792BE10EAE,2021-02-01
A000049,M001,900977325,7000009745,005056A75DDC1EEAA9BC2CA7D9AA66EE,2021-02-04
A000050,M002,900991278,7000009745,005056A75DDC1EEAA9BC2CA7D9AA66EE,2021-02-05
A000051,M006,901000126,32204,3638616237621EEBA4EF73792BE10EAE,2021-02-05
A000052,M006,901000126,32204,3638616237621EEBA4EF73792BE10EAE,2021-02-05
A000053,M014,901008864,7000009745,005056A75DDC1EEAA9BC2CA7D9AA66EE,2021-02-08
A000054,M008,901018435,32204,3638616237621EEBA4EF73792BE10EAE,2021-02-08
A000055,M008,901018435,55414,3638616237621ECJIO7R77DF8B364EB8,2021-02-08
A000056,M001,901014886,32204,3638616237621EEBA4EF73792BE10EAE,2021-02-09
A000057,M001,901014886,55414,3638616237621ECJIO7R77DF8B364EB8,2021-02-09
A000058,M001,901014886,55417,3638616237621EEBA4EF75D65ADA0EB1,2021-02-09
A000059,M007,901053503,7000009745,005056A75DDC1EEAA9BC2CA7D9AA66EE,2021-02-09
A000060,M008,901031998,7000009745,005056A75DDC1EEAA9BC2CA7D9AA66EE,2021-02-10
A000061,M003,901090877,7000009745,005056A75DDC1EEAA9BC2CA7D9AA66EE,2021-02-12
A000062,M002,901101406,7000009745,005056A75DDC1EEAA9BC2CA7D9AA66EE,2021-02-13
A000063,M001,901083005,7000009745,005056A75DDC1EEAA9BC2CA7D9AA66EE,2021-02-14
A000064,M004,901073865,32204,3638616237621EEBA4EF73792BE10EAE,2021-02-15
A000065,M014,901095325,7000009745,005056A75DDC1EEAA9BC2CA7D9AA66EE,2021-02-16
A000066,M003,901145225,7000009745,005056A75DDC1EEAA9BC2CA7D9AA66EE,2021-02-17
A000067,M006,901158094,7000009745,005056A75DDC1EEAA9BC2CA7D9AA66EE,2021-02-18
A000068,M001,901169770,7000009745,005056A75DDC1EEAA9BC2CA7D9AA66EE,2021-02-19
A000069,M007,901089332,7000009745,005056A75DDC1EEAA9BC2CA7D9AA66EE,2021-02-20
A000070,M013,900959749,7000009745,005056A75DDC1EEAA9BC2CA7D9AA66EE,2021-02-21
A000071,M001,901205531,7000009745,005056A75DDC1EEAA9BC2CA7D9AA66EE,2021-02-22
A000072,M009,901107340,7000009745,005056A75DDC1EEAA9BC2CA7D9AA66EE,2021-02-23
A000073,M009,901107340,7000009745,005056A75DDC1EEAA9BC2CA7D9AA66EE,2021-02-23
A000074,M004,901201504,32204,3638616237621EEBA4EF73792BE10EAE,2021-02-23
A000075,M013,901232578,7000009745,005056A75DDC1EEAA9BC2CA7D9AA66EE,2021-02-23
A000076,M002,901240316,7000009745,005056A75DDC1EEAA9BC2CA7D9AA66EE,2021-02-24
A000077,M008,901241792,7000009745,005056A75DDC1EEAA9BC2CA7D9AA66EE,2021-02-24
A000078,M007,901295319,32204,3638616237621EEBA4EF73792BE10EAE,2021-02-24
A000079,M010,901264289,7000009745,005056A75DDC1EEAA9BC2CA7D9AA66EE,2021-02-25
A000080,M006,901166515,7000009745,005056A75DDC1EEAA9BC2CA7D9AA66EE,2021-02-26
A000081,M006,901166515,7000009745,005056A75DDC1EEAA9BC2CA7D9AA66EE,2021-02-26
A000082,M003,901238264,7000009745,005056A75DDC1EEAA9BC2CA7D9AA66EE,2021-02-27
A000083,M003,901256207,32204,3638616237621EEBA4EF73792BE10EAE,2021-02-27
A000084,M003,906008416,70245,3638616237621EEBA4EF77DF8B364EB8,2021-01-01
A000085,M003,906024451,32204,3638616237621EEBA4EF73792BE10EAE,2021-01-01
A000086,M005,905928914,32204,3638616237621EEBA4EF73792BE10EAE,2021-01-02
A000087,M011,905999439,7000009745,005056A75DDC1EEAA9BC2CA7D9AA66EE,2021-01-02
A000088,M003,906078868,7000009745,005056A75DDC1EEAA9BC2CA7D9AA66EE,2021-01-02
A000089,M008,905969741,7000009745,005056A75DDC1EEAA9BC2CA7D9AA66EE,2021-01-03
A000090,M003,906011878,32204,3638616237621EEBA4EF73792BE10EAE,2021-01-03
A000091,M003,906193412,7000009745,005056A75DDC1EEAA9BC2CA7D9AA66EE,2021-01-03
A000092,M009,905984525,7000009745,005056A75DDC1EEAA9BC2CA7D9AA66EE,2021-01-04
A000093,M008,906196966,7000009745,005056A75DDC1EEAA9BC2CA7D9AA66EE,2021-01-04
A000094,M011,906208142,7000009745,005056A75DDC1EEAA9BC2CA7D9AA66EE,2021-01-05
A000095,M003,906248943,7000009745,005056A75DDC1EEAA9BC2CA7D9AA66EE,2021-01-05
A000096,M004,906312401,32204,3638616237621EEBA4EF73792BE10EAE,2021-01-05
A000097,M007,906169637,7000009745,005056A75DDC1EEAA9BC2CA7D9AA66EE,2021-01-06
A000098,M005,906324588,7000009745,005056A75DDC1EEAA9BC2CA7D9AA66EE,2021-01-06
A000099,M005,906424896,7000009745,005056A75DDC1EEAA9BC2CA7D9AA66EE,2021-01-06
A000100,M011,906229848,7000009745,005056A75DDC1EEAA9BC2CA7D9AA66EE,2021-01-07
A000101,M003,906288475,7000009745,005056A75DDC1EEAA9BC2CA7D9AA66EE,2021-01-07
A000102,M010,906278298,7000009745,005056A75DDC1EEAA9BC2CA7D9AA66EE,2021-01-08
A000103,M001,906451465,7000009745,005056A75DDC1EEAA9BC2CA7D9AA66EE,2021-01-08
A000104,M008,906474097,7000009745,005056A75DDC1EEAA9BC2CA7D9AA66EE,2021-01-09
A000105,M013,906539011,7000009745,005056A75DDC1EEAA9BC2CA7D9AA66EE,2021-01-10
A000106,M006,906464388,7000009745,005056A75DDC1EEAA9BC2CA7D9AA66EE,2021-01-11
A000107,M003,906534008,7000009745,005056A75DDC1EEAA9BC2CA7D9AA66EE,2021-01-11
A000108,M003,906523937,7000009745,005056A75DDC1EEAA9BC2CA7D9AA66EE,2021-01-12
A000109,M011,906518692,7000009745,005056A75DDC1EEAA9BC2CA7D9AA66EE,2021-01-13
A000110,M008,906453947,7000009745,005056A75DDC1EEAA9BC2CA7D9AA66EE,2021-01-14
A000111,M003,906531909,55414,3638616237621EEBA4EF84B64BB40F85,2021-01-14
A000112,M003,906531909,55414,3638616237621ECJIO7R77DF8B364EB8,2021-01-14
A000113,M014,906617688,32204,3638616237621EEBA4EF73792BE10EAE,2021-01-15
A000114,M014,906617688,32204,3638616237621EEBA4EF73792BE10EAE,2021-01-15
A000115,M014,906617688,55414,3638616237621ECJIO7R77DF8B364EB8,2021-01-15
A000116,M014,906617688,70245,3638616237621EEBA4EF77DF8B364EB8,2021-01-15
A000117,M002,906688701,7000009745,005056A75DDC1EEAA9BC2CA7D9AA66EE,2021-01-15
A000118,M003,906666965,7000009745,005056A75DDC1EEAA9BC2CA7D9AA66EE,2021-01-16
A000119,M014,906434407,7000009745,005056A75DDC1EEAA9BC2CA7D9AA66EE,2021-01-17
A000120,M012,906511250,55414,3638616237621ECJIO7R77DF8B364EB8,2021-01-17
A000121,M012,906511250,55414,3638616237621EEBA4EF84B64BB40F85,2021-01-17
A000122,M012,906511250,55417,3638616237621EEBA4EF75D65ADA0EB1,2021-01-17
A000123,M012,906511250,55417,3638616237621EEBA4EF75D65ADA0EB1,2021-01-17
A000124,M012,906511250,70245,3638616237621EEBA4EF77DF8B364EB8,2021-01-17
A000125,M005,906611736,7000009745,005056A75DDC1EEAA9BC2CA7D9AA66EE,2021-01-18
A000126,M006,906650561,7000009745,005056A75DDC1EEAA9BC2CA7D9AA66EE,2021-01-19
A000127,M009,906631358,7000009745,005056A75DDC1EEAA9BC2CA7D9AA66EE,2021-01-20
A000128,M005,906774544,7000009745,005056A75DDC1EEAA9BC2CA7D9AA66EE,2021-01-21
A000129,M005,906774544,7000009745,005056A75DDC1EEAA9BC2CA7D9AA66EE,2021-01-21
A000130,M004,906812930,7000009745,005056A75DDC1EEAA9BC2CA7D9AA66EE,2021-01-22
A000131,M003,906816789,7000009745,005056A75DDC1EEAA9BC2CA7D9AA66EE,2021-01-23
A000132,M008,906756045,32204,3638616237621EEBA4EF73792BE10EAE,2021-01-24
A000133,M005,906872752,7000009745,005056A75DDC1EEAA9BC2CA7D9AA66EE,2021-01-24
A000134,M003,906837841,7000009745,005056A75DDC1EEAA9BC2CA7D9AA66EE,2021-01-25
A000135,M013,906847320,32204,3638616237621EEBA4EF73792BE10EAE,2021-01-25
A000136,M004,906879249,7000009745,005056A75DDC1EEAA9BC2CA7D9AA66EE,2021-01-25
A000137,M003,906954578,32204,3638616237621EEBA4EF73792BE10EAE,2021-01-25
A000138,M008,906910706,7000009745,005056A75DDC1EEAA9BC2CA7D9AA66EE,2021-01-26
A000139,M003,906844194,7000009745,005056A75DDC1EEAA9BC2CA7D9AA66EE,2021-01-27
A000140,M005,906897426,32204,3638616237621EEBA4EF73792BE10EAE,2021-01-27
A000141,M003,906923957,7000009745,005056A75DDC1EEAA9BC2CA7D9AA66EE,2021-01-28
A000142,M003,906923957,7000009745,005056A75DDC1EEAA9BC2CA7D9AA66EE,2021-01-28
A000143,M011,906973580,32204,3638616237621EEBA4EF73792BE10EAE,2021-01-29
A000144,M012,906975507,7000009745,005056A75DDC1EEAA9BC2CA7D9AA66EE,2021-01-29
A000145,M012,906981974,7000009745,005056A75DDC1EEAA9BC2CA7D9AA66EE,2021-01-30
A000146,M012,906981974,7000009745,005056A75DDC1EEAA9BC2CA7D9AA66EE,2021-01-30
A000147,M015,906898832,7000009745,005056A75DDC1EEAA9BC2CA7D9AA66EE,2021-01-31
A000148,M014,906989711,32204,3638616237621EEBA4EF73792BE10EAE,2021-02-01
A000149,M014,907016560,7000009745,005056A75DDC1EEAA9BC2CA7D9AA66EE,2021-02-01
A000150,M008,906968829,7000009745,005056A75DDC1EEAA9BC2CA7D9AA66EE,2021-02-02
A000151,M003,907019780,32204,3638616237621EEBA4EF73792BE10EAE,2021-02-02
A000152,M005,907043967,32204,3638616237621EEBA4EF73792BE10EAE,2021-02-03
A000153,M011,907082193,7000009745,005056A75DDC1EEAA9BC2CA7D9AA66EE,2021-02-03
A000154,M010,907085658,7000009745,005056A75DDC1EEAA9BC2CA7D9AA66EE,2021-02-04
A000155,M005,906913523,7000009745,005056A75DDC1EEAA9BC2CA7D9AA66EE,2021-02-05
A000156,M001,907107147,7000009745,005056A75DDC1EEAA9BC2CA7D9AA66EE,2021-02-06
A000157,M001,907107147,7000009745,005056A75DDC1EEAA9BC2CA7D9AA66EE,2021-02-06
A000158,M002,907105534,7000009745,005056A75DDC1EEAA9BC2CA7D9AA66EE,2021-02-07
A000159,M004,907155849,7000009745,005056A75DDC1EEAA9BC2CA7D9AA66EE,2021-02-07
A000160,M010,907203653,32204,3638616237621EEBA4EF73792BE10EAE,2021-02-07
A000161,M010,907203653,55414,3638616237621EEBA4EF84B64BB40F85,2021-02-07
A000162,M005,907097708,7000009745,005056A75DDC1EEAA9BC2CA7D9AA66EE,2021-02-08
A000163,M008,907183590,7000009745,005056A75DDC1EEAA9BC2CA7D9AA66EE,2021-02-09
A000164,M003,907086340,7000009745,005056A75DDC1EEAA9BC2CA7D9AA66EE,2021-02-10
A000165,M013,907116411,32204,3638616237621EEBA4EF73792BE10EAE,2021-02-10
A000166,M001,907044926,7000009745,005056A75DDC1EEAA9BC2CA7D9AA66EE,2021-02-11
A000167,M005,907243653,7000009745,005056A75DDC1EEAA9BC2CA7D9AA66EE,2021-02-12
A000168,M011,907152320,7000009745,005056A75DDC1EEAA9BC2CA7D9AA66EE,2021-02-13
A000169,M005,907282263,32204,3638616237621EEBA4EF73792BE10EAE,2021-02-13
A000170,M005,907282263,55414,3638616237621EEBA4EF84B64BB40F85,2021-02-13
A000171,M014,907271193,7000009745,005056A75DDC1EEAA9BC2CA7D9AA66EE,2021-02-14
A000172,M014,907157133,32204,3638616237621EEBA4EF73792BE10EAE,2021-02-15
A000173,M013,907251462,7000009745,005056A75DDC1EEAA9BC2CA7D9AA66EE,2021-02-15
A000174,M008,907292650,7000009745,005056A75DDC1EEAA9BC2CA7D9AA66EE,2021-02-16
A000175,M006,907320985,32204,3638616237621EEBA4EF73792BE10EAE,2021-02-16
A000176,M002,907377079,7000009745,005056A75DDC1EEAA9BC2CA7D9AA66EE,2021-02-17
A000177,M014,907355954,7000009745,005056A75DDC1EEAA9BC2CA7D9AA66EE,2021-02-18
A000178,M010,907407695,7000009745,005056A75DDC1EEAA9BC2CA7D9AA66EE,2021-02-19
A000179,M003,907344784,7000009745,005056A75DDC1EEAA9BC2CA7D9AA66EE,2021-02-20
A000180,M010,907399757,7000009745,005056A75DDC1EEAA9BC2CA7D9AA66EE,2021-02-21
A000181,M010,907480282,7000009745,005056A75DDC1EEAA9BC2CA7D9AA66EE,2021-02-22
A000182,M013,907378538,7000009745,005056A75DDC1EEAA9BC2CA7D9AA66EE,2021-02-23
A000183,M003,907459203,7000009745,005056A75DDC1EEAA9BC2CA7D9AA66EE,2021-02-24
A000184,M013,907502939,32204,3638616237621EEBA4EF73792BE10EAE,2021-02-24
A000185,M013,907502939,55414,3638616237621EEBA4EF84B64BB40F85,2021-02-24
A000186,M013,907502939,55417,3638616237621EEBA4EF75D65ADA0EB1,2021-02-24
A000187,M013,907502939,55480,005056A75DDC1EEAAAB458BDA341E971,2021-02-24
A000188,M013,907502939,55480,005056A75DDC1EEAAAB458BDA341E971,2021-02-24
A000189,M013,907502939,70245,3638616237621EEBA4EF77DF8B364EB8,2021-02-24
A000190,M007,907532093,7000009745,005056A75DDC1EEAA9BC2CA7D9AA66EE,2021-02-25
A000191,M002,907552910,7000009745,005056A75DDC1EEAA9BC2CA7D9AA66EE,2021-02-26
A000192,M005,907593709,7000009745,005056A75DDC1EEAA9BC2CA7D9AA66EE,2021-02-28
A000193,M009,900599766,55417,3638616237621EEBA4EF75D65ADA0EB1,2021-01-06
A000194,M006,900598172,55414,3638616237621ECJIO7R77DF8B364EB8,2021-01-09
A000195,M006,900598172,55417,3638616237621EEBA4EF75D65ADA0EB1,2021-01-09
A000196,M006,900598172,95035,005056A75DDC1EEAAAB5461946344AFB,2021-01-09
A000197,M003,900629232,32204,3638616237621EEBA4EF73792BE10EAE,2021-01-11
A000198,M014,900646942,55414,3638616237621ECJIO7R77DF8B364EB8,2021-01-12
A000199,M014,900646942,55417,3638616237621EEBA4EF75D65ADA0EB1,2021-01-12
A000200,M014,900646942,70245,3638616237621EEBA4EF77DF8B364EB8,2021-01-12
A000201,M014,900646942,95035,005056A75DDC1EEAAAB5461946344AFB,2021-01-12
A000202,M005,900638884,55414,3638616237621ECJIO7R77DF8B364EB8,2021-01-16
A000203,M005,900638884,55417,3638616237621EEBA4EF75D65ADA0EB1,2021-01-16
A000204,M005,900638884,55480,005056A75DDC1EEAAAB458BDA341E971,2021-01-16
A000205,M013,900712007,55417,3638616237621EEBA4EF75D65ADA0EB1,2021-01-17
A000206,M013,900712007,55417,3638616237621EEBA4EF75D65ADA0EB1,2021-01-17
A000207,M013,900712007,70245,3638616237621EEBA4EF77DF8B364EB8,2021-01-17
A000208,M013,900712007,95035,005056A75DDC1EEAAAB5461946344AFB,2021-01-17
A000209,M005,900786537,55414,3638616237621EEBA4EF84B64BB40F85,2021-01-22
A000210,M005,900786537,55417,3638616237621EEBA4EF75D65ADA0EB1,2021-01-22
A000211,M005,900786537,95035,005056A75DDC1EEAAAB5461946344AFB,2021-01-22
A000212,M003,900971952,55414,3638616237621EEBA4EF84B64BB40F85,2021-02-05
A000213,M003,900971952,55480,005056A75DDC1EEAAAB458BDA341E971,2021-02-05
A000214,M003,900971952,55480,005056A75DDC1EEAAAB458BDA341E971,2021-02-05
A000215,M005,901022909,55414,3638616237621EEBA4EF84B64BB40F85,2021-02-07
A000216,M008,900985087,55414,3638616237621EEBA4EF84B64BB40F85,2021-02-09
A000217,M006,901044835,55417,3638616237621EEBA4EF75D65ADA0EB1,2021-02-10
A000218,M006,901044835,55480,005056A75DDC1EEAAAB458BDA341E971,2021-02-10
A000219,M011,901067859,55480,005056A75DDC1EEAAAB458BDA341E971,2021-02-13
A000220,M013,901188140,95035,005056A75DDC1EEAAAB5461946344AFB,2021-02-22
A000221,M012,901200299,55414,3638616237621ECJIO7R77DF8B364EB8,2021-02-23
A000222,M012,901200299,70245,3638616237621EEBA4EF77DF8B364EB8,2021-02-23
A000223,M003,901120783,55414,3638616237621ECJIO7R77DF8B364EB8,2021-02-24
A000224,M003,901120783,55480,005056A75DDC1EEAAAB458BDA341E971,2021-02-24
A000225,M003,901120783,95035,005056A75DDC1EEAAAB5461946344AFB,2021-02-24
A000226,M007,901206032,55417,3638616237621EEBA4EF75D65ADA0EB1,2021-02-26
A000227,M007,901206032,70245,3638616237621EEBA4EF77DF8B364EB8,2021-02-26
A000228,M003,906048879,70245,3638616237621EEBA4EF77DF8B364EB8,2021-01-01
A000229,M003,906048879,95035,005056A75DDC1EEAAAB5461946344AFB,2021-01-01
A000230,M006,906105356,7000009745,005056A75DDC1EEAA9BC2CA7D9AA66EE,2021-01-02
A000231,M012,906112001,7000009745,005056A75DDC1EEAA9BC2CA7D9AA66EE,2021-01-02
A000232,M005,906139255,7000009745,005056A75DDC1EEAA9BC2CA7D9AA66EE,2021-01-03
A000233,M007,906173157,32204,3638616237621EEBA4EF73792BE10EAE,2021-01-03
A000234,M003,906174759,7000009745,005056A75DDC1EEAA9BC2CA7D9AA66EE,2021-01-03
A000235,M012,906026730,32204,3638616237621EEBA4EF73792BE10EAE,2021-01-04
A000236,M010,906138314,7000009745,005056A75DDC1EEAA9BC2CA7D9AA66EE,2021-01-04
A000237,M002,906220908,32204,3638616237621EEBA4EF73792BE10EAE,2021-01-04
A000238,M002,906220908,70245,3638616237621EEBA4EF77DF8B364EB8,2021-01-04
A000239,M002,906220908,95035,005056A75DDC1EEAAAB5461946344AFB,2021-01-04
A000240,M005,906055534,7000009745,005056A75DDC1EEAA9BC2CA7D9AA66EE,2021-01-05
A000241,M010,906283119,7000009745,005056A75DDC1EEAA9BC2CA7D9AA66EE,2021-01-05
A000242,M002,906212719,7000009745,005056A75DDC1EEAA9BC2CA7D9AA66EE,2021-01-06
A000243,M007,906312470,55414,3638616237621EEBA4EF84B64BB40F85,2021-01-06
A000244,M007,906312470,55414,3638616237621EEBA4EF84B64BB40F85,2021-01-06
A000245,M007,906312470,55417,3638616237621EEBA4EF75D65ADA0EB1,2021-01-06
A000246,M007,906312470,55480,005056A75DDC1EEAAAB458BDA341E971,2021-01-06
A000247,M005,906316497,7000009745,005056A75DDC1EEAA9BC2CA7D9AA66EE,2021-01-06
A000248,M013,906423532,7000009745,005056A75DDC1EEAA9BC2CA7D9AA66EE,2021-01-06
A000249,M013,906423532,7000009745,005056A75DDC1EEAA9BC2CA7D9AA66EE,2021-01-06
A000250,M001,906302953,7000009745,005056A75DDC1EEAA9BC2CA7D9AA66EE,2021-01-07
A000251,M005,906366676,32204,3638616237621EEBA4EF73792BE10EAE,2021-01-07
A000252,M005,906366676,32204,3638616237621EEBA4EF73792BE10EAE,2021-01-07
A000253,M005,906366676,55414,3638616237621ECJIO7R77DF8B364EB8,2021-01-07
A000254,M007,906379443,32204,3638616237621EEBA4EF73792BE10EAE,2021-01-07
A000255,M007,906379443,32204,3638616237621EEBA4EF73792BE10EAE,2021-01-07
A000256,M007,906379443,55414,3638616237621ECJIO7R77DF8B364EB8,2021-01-07
A000257,M003,906397601,7000009745,005056A75DDC1EEAA9BC2CA7D9AA66EE,2021-01-07
A000258,M003,906397601,7000009745,005056A75DDC1EEAA9BC2CA7D9AA66EE,2021-01-07
A000259,M003,906449253,55480,005056A75DDC1EEAAAB458BDA341E971,2021-01-07
A000260,M011,906367352,95035,005056A75DDC1EEAAAB5461946344AFB,2021-01-08
A000261,M009,906411394,7000009745,005056A75DDC1EEAA9BC2CA7D9AA66EE,2021-01-08
A000262,M011,906430725,7000009745,005056A75DDC1EEAA9BC2CA7D9AA66EE,2021-01-08
A000263,M003,906527961,7000009745,005056A75DDC1EEAA9BC2CA7D9AA66EE,2021-01-11
A000264,M005,906529470,7000009745,005056A75DDC1EEAA9BC2CA7D9AA66EE,2021-01-12
A000265,M013,906534267,32204,3638616237621EEBA4EF73792BE10EAE,2021-01-12
A000266,M013,906534267,32204,3638616237621EEBA4EF73792BE10EAE,2021-01-12
A000267,M013,906534267,55414,3638616237621ECJIO7R77DF8B364EB8,2021-01-12
A000268,M013,906534267,55417,3638616237621EEBA4EF75D65ADA0EB1,2021-01-12
A000269,M013,906534267,55480,005056A75DDC1EEAAAB458BDA341E971,2021-01-12
A000270,M006,906500874,7000009745,005056A75DDC1EEAA9BC2CA7D9AA66EE,2021-01-13
A000271,M005,906599445,7000009745,005056A75DDC1EEAA9BC2CA7D9AA66EE,2021-01-14
A000272,M011,906659831,7000009745,005056A75DDC1EEAA9BC2CA7D9AA66EE,2021-01-15
A000273,M001,906662680,7000009745,005056A75DDC1EEAA9BC2CA7D9AA66EE,2021-01-16
A000274,M012,906667444,32204,3638616237621EEBA4EF73792BE10EAE,2021-01-17
A000275,M014,906706906,7000009745,005056A75DDC1EEAA9BC2CA7D9AA66EE,2021-01-18
A000276,M012,906750244,32204,3638616237621EEBA4EF73792BE10EAE,2021-01-19
A000277,M003,906716812,7000009745,005056A75DDC1EEAA9BC2CA7D9AA66EE,2021-01-20
A000278,M006,906762029,32204,3638616237621EEBA4EF73792BE10EAE,2021-01-21
A000279,M004,906822536,55417,3638616237621EEBA4EF75D65ADA0EB1,2021-01-23
A000280,M004,906822536,55480,005056A75DDC1EEAAAB458BDA341E971,2021-01-23
A000281,M008,906870662,7000009745,005056A75DDC1EEAA9BC2CA7D9AA66EE,2021-01-24
A000282,M001,906816023,32204,3638616237621EEBA4EF73792BE10EAE,2021-01-25
A000283,M012,906816945,7000009745,005056A75DDC1EEAA9BC2CA7D9AA66EE,2021-01-25
A000284,M008,906842563,32204,3638616237621EEBA4EF73792BE10EAE,2021-01-27
A000285,M002,906915584,7000009745,005056A75DDC1EEAA9BC2CA7D9AA66EE,2021-01-28
A000286,M001,906930833,7000009745,005056A75DDC1EEAA9BC2CA7D9AA66EE,2021-01-29
A000287,M006,906915187,7000009745,005056A75DDC1EEAA9BC2CA7D9AA66EE,2021-01-30
A000288,M004,906948290,7000009745,005056A75DDC1EEAA9BC2CA7D9AA66EE,2021-02-01
A000289,M012,907013795,32204,3638616237621EEBA4EF73792BE10EAE,2021-02-01
A000290,M012,907013795,95035,005056A75DDC1EEAAAB5461946344AFB,2021-02-01
A000291,M006,906995656,32204,3638616237621EEBA4EF73792BE10EAE,2021-02-02
A000292,M008,907023102,7000009745,005056A75DDC1EEAA9BC2CA7D9AA66EE,2021-02-02
A000293,M011,907005164,7000009745,005056A75DDC1EEAA9BC2CA7D9AA66EE,2021-02-03
A000294,M007,906891445,32204,3638616237621EEBA4EF73792BE10EAE,2021-02-04
A000295,M005,907066619,7000009745,005056A75DDC1EEAA9BC2CA7D9AA66EE,2021-02-04
A000296,M001,907061274,7000009745,005056A75DDC1EEAA9BC2CA7D9AA66EE,2021-02-07
A000297,M002,907151010,32204,3638616237621EEBA4EF73792BE10EAE,2021-02-07
A000298,M007,907184902,7000009745,005056A75DDC1EEAA9BC2CA7D9AA66EE,2021-02-08
A000299,M001,907102068,32204,3638616237621EEBA4EF73792BE10EAE,2021-02-09
A000300,M001,907121573,7000009745,005056A75DDC1EEAA9BC2CA7D9AA66EE,2021-02-09
A000301,M008,907183347,7000009745,005056A75DDC1EEAA9BC2CA7D9AA66EE,2021-02-10
A000302,M007,907153983,7000009745,005056A75DDC1EEAA9BC2CA7D9AA66EE,2021-02-11
A000303,M007,907153983,7000009745,005056A75DDC1EEAA9BC2CA7D9AA66EE,2021-02-11
A000304,M014,907198188,55414,3638616237621EEBA4EF84B64BB40F85,2021-02-11
A000305,M004,907257855,7000009745,005056A75DDC1EEAA9BC2CA7D9AA66EE,2021-02-11
A000306,M004,907257855,7000009745,005056A75DDC1EEAA9BC2CA7D9AA66EE,2021-02-11
A000307,M007,907204347,7000009745,005056A75DDC1EEAA9BC2CA7D9AA66EE,2021-02-13
A000308,M007,907204347,7000009745,005056A75DDC1EEAA9BC2CA7D9AA66EE,2021-02-13
A000309,M001,907227037,55480,005056A75DDC1EEAAAB458BDA341E971,2021-02-13
A000310,M001,907227037,70245,3638616237621EEBA4EF77DF8B364EB8,2021-02-13
A000311,M001,907227037,95035,005056A75DDC1EEAAAB5461946344AFB,2021-02-13
A000312,M014,907305674,7000009745,005056A75DDC1EEAA9BC2CA7D9AA66EE,2021-02-14
A000313,M001,907277964,32204,3638616237621EEBA4EF73792BE10EAE,2021-02-15
A000314,M001,907277964,95035,005056A75DDC1EEAAAB5461946344AFB,2021-02-15
A000315,M003,907360251,7000009745,005056A75DDC1EEAA9BC2CA7D9AA66EE,2021-02-16
A000316,M008,907316585,7000009745,005056A75DDC1EEAA9BC2CA7D9AA66EE,2021-02-17
A000317,M012,907356843,32204,3638616237621EEBA4EF73792BE10EAE,2021-02-20
A000318,M003,907451014,7000009745,005056A75DDC1EEAA9BC2CA7D9AA66EE,2021-02-20
A000319,M014,907396602,32204,3638616237621EEBA4EF73792BE10EAE,2021-02-21
A000320,M011,907460945,7000009745,005056A75DDC1EEAA9BC2CA7D9AA66EE,2021-02-21
A000321,M004,907480012,7000009745,005056A75DDC1EEAA9BC2CA7D9AA66EE,2021-02-23
A000322,M008,907450357,7000009745,005056A75DDC1EEAA9BC2CA7D9AA66EE,2021-02-24
A000323,M012,907496097,7000009745,005056A75DDC1EEAA9BC2CA7D9AA66EE,2021-02-24
A000324,M004,907405457,55480,005056A75DDC1EEAAAB458BDA341E971,2021-02-25
A000325,M008,907517117,7000009745,005056A75DDC1EEAA9BC2CA7D9AA66EE,2021-02-25
A000326,M006,907549774,7000009745,005056A75DDC1EEAA9BC2CA7D9AA66EE,2021-02-26
A000327,M006,907549774,7000009745,005056A75DDC1EEAA9BC2CA7D9AA66EE,2021-02-26
A000328,M015,907479326,7000009745,005056A75DDC1EEAA9BC2CA7D9AA66EE,2021-02-28
A000329,M009,900460999,7000009745,005056A75DDC1EEAA9BC2CA7D9AA66EE,2021-01-04
A000330,M004,900839466,7000009745,005056A75DDC1EEAA9BC2CA7D9AA66EE,2021-01-04
A000331,M003,900605001,7000009745,005056A75DDC1EEAA9BC2CA7D9AA66EE,2021-01-06
A000332,M008,900491368,7000009745,005056A75DDC1EEAA9BC2CA7D9AA66EE,2021-01-09
A000333,M012,900488995,7000009745,005056A75DDC1EEAA9BC2CA7D9AA66EE,2021-01-10
A000334,M003,900692725,7000009745,005056A75DDC1EEAA9BC2CA7D9AA66EE,2021-01-15
A000335,M003,900692725,7000009745,005056A75DDC1EEAA9BC2CA7D9AA66EE,2021-01-15
A000336,M007,900802559,7000009745,005056A75DDC1EEAA9BC2CA7D9AA66EE,2021-01-21
A000337,M011,900422381,7000009745,005056A75DDC1EEAA9BC2CA7D9AA66EE,2021-01-01
A000338,M004,900452892,32204,3638616237621EEBA4EF73792BE10EAE,2021-01-01
A000339,M006,900737683,7000009745,005056A75DDC1EEAA9BC2CA7D9AA66EE,2021-01-01
A000340,M010,900835105,32204,3638616237621EEBA4EF73792BE10EAE,2021-01-01
A000341,M010,900835105,95035,005056A75DDC1EEAAAB5461946344AFB,2021-01-01
A000342,M011,900464756,7000009745,005056A75DDC1EEAA9BC2CA7D9AA66EE,2021-01-02
A000343,M007,900773584,32204,3638616237621EEBA4EF73792BE10EAE,2021-01-02
A000344,M007,900773584,55414,3638616237621EEBA4EF84B64BB40F85,2021-01-02
A000345,M007,900773584,55417,3638616237621EEBA4EF75D65ADA0EB1,2021-01-02
A000346,M003,900803581,32204,3638616237621EEBA4EF73792BE10EAE,2021-01-02
A000347,M010,900816363,7000009745,005056A75DDC1EEAA9BC2CA7D9AA66EE,2021-01-02
A000348,M002,900491102,7000009745,005056A75DDC1EEAA9BC2CA7D9AA66EE,2021-01-04
A000349,M001,900737685,7000009745,005056A75DDC1EEAA9BC2CA7D9AA66EE,2021-01-04
A000350,M003,900571121,7000009745,005056A75DDC1EEAA9BC2CA7D9AA66EE,2021-01-05
A000351,M003,900579252,7000009745,005056A75DDC1EEAA9BC2CA7D9AA66EE,2021-01-06
A000352,M003,900579254,32204,3638616237621EEBA4EF73792BE10EAE,2021-01-06
A000353,M006,900602609,7000009745,005056A75DDC1EEAA9BC2CA7D9AA66EE,2021-01-06
A000354,M001,900467069,7000009745,005056A75DDC1EEAA9BC2CA7D9AA66EE,2021-01-07
A000355,M001,900499143,7000009745,005056A75DDC1EEAA9BC2CA7D9AA66EE,2021-01-08
A000356,M002,900582903,7000009745,005056A75DDC1EEAA9BC2CA7D9AA66EE,2021-01-08
A000357,M002,900545387,32204,3638616237621EEBA4EF73792BE10EAE,2021-01-09
A000358,M005,900647333,7000009745,005056A75DDC1EEAA9BC2CA7D9AA66EE,2021-01-09
A000359,M005,900646571,7000009745,005056A75DDC1EEAA9BC2CA7D9AA66EE,2021-01-10
A000360,M005,900646571,7000009745,005056A75DDC1EEAA9BC2CA7D9AA66EE,2021-01-10
A000361,M008,900784612,7000009745,005056A75DDC1EEAA9BC2CA7D9AA66EE,2021-01-10
A000362,M001,900851366,32204,3638616237621EEBA4EF73792BE10EAE,2021-01-10
A000363,M013,900577215,32204,3638616237621EEBA4EF73792BE10EAE,2021-01-11
A000364,M011,900629985,7000009745,005056A75DDC1EEAA9BC2CA7D9AA66EE,2021-01-11
A000365,M003,900652285,32204,3638616237621EEBA4EF73792BE10EAE,2021-01-11
A000366,M009,900663390,7000009745,005056A75DDC1EEAA9BC2CA7D9AA66EE,2021-01-11
A000367,M003,900524835,7000009745,005056A75DDC1EEAA9BC2CA7D9AA66EE,2021-01-12
A000368,M003,900524835,7000009745,005056A75DDC1EEAA9BC2CA7D9AA66EE,2021-01-12
A000369,M015,900652968,7000009745,005056A75DDC1EEAA9BC2CA7D9AA66EE,2021-01-12
A000370,M008,900677607,32204,3638616237621EEBA4EF73792BE10EAE,2021-01-12
A000371,M008,900677607,55414,3638616237621EEBA4EF84B64BB40F85,2021-01-12
A000372,M008,900677607,55417,3638616237621EEBA4EF75D65ADA0EB1,2021-01-12
A000373,M008,900677607,55480,005056A75DDC1EEAAAB458BDA341E971,2021-01-12
A000374,M008,900677607,55480,005056A75DDC1EEAAAB458BDA341E971,2021-01-12
A000375,M015,900631799,7000009745,005056A75DDC1EEAA9BC2CA7D9AA66EE,2021-01-13
A000376,M010,900657528,32204,3638616237621EEBA4EF73792BE10EAE,2021-01-13
A000377,M010,900657528,55417,3638616237621EEBA4EF75D65ADA0EB1,2021-01-13
A000378,M011,900683162,7000009745,005056A75DDC1EEAA9BC2CA7D9AA66EE,2021-01-13
A000379,M011,900683162,7000009745,005056A75DDC1EEAA9BC2CA7D9AA66EE,2021-01-13
A000380,M013,900682926,7000009745,005056A75DDC1EEAA9BC2CA7D9AA66EE,2021-01-14
A000381,M011,900711212,32204,3638616237621EEBA4EF73792BE10EAE,2021-01-14
A000382,M010,900697944,7000009745,005056A75DDC1EEAA9BC2CA7D9AA66EE,2021-01-15
A000383,M010,900697944,7000009745,005056A75DDC1EEAA9BC2CA7D9AA66EE,2021-01-15
A000384,M012,900809841,7000009745,005056A75DDC1EEAA9BC2CA7D9AA66EE,2021-01-15
A000385,M003,900837679,7000009745,005056A75DDC1EEAA9BC2CA7D9AA66EE,2021-01-15
A000386,M003,900837679,7000009745,005056A75DDC1EEAA9BC2CA7D9AA66EE,2021-01-15
A000387,M008,900661958,32204,3638616237621EEBA4EF73792BE10EAE,2021-01-16
A000388,M008,900661958,32204,3638616237621EEBA4EF73792BE10EAE,2021-01-16
A000389,M011,900690004,7000009745,005056A75DDC1EEAA9BC2CA7D9AA66EE,2021-01-16
A000390,M010,900705009,7000009745,005056A75DDC1EEAA9BC2CA7D9AA66EE,2021-01-16
A000391,M008,900720007,32204,3638616237621EEBA4EF73792BE10EAE,2021-01-16
A000392,M005,900749330,32204,3638616237621EEBA4EF73792BE10EAE,2021-01-17
A000393,M008,900688956,32204,3638616237621EEBA4EF73792BE10EAE,2021-01-18
A000394,M011,900708433,7000009745,005056A75DDC1EEAA9BC2CA7D9AA66EE,2021-01-18
A000395,M003,900822586,7000009745,005056A75DDC1EEAA9BC2CA7D9AA66EE,2021-01-18
A000396,M002,900835966,55417,3638616237621EEBA4EF75D65ADA0EB1,2021-01-18
A000397,M003,900774514,7000009745,005056A75DDC1EEAA9BC2CA7D9AA66EE,2021-01-19
A000398,M003,900774514,7000009745,005056A75DDC1EEAA9BC2CA7D9AA66EE,2021-01-19
A000399,M013,900767024,7000009745,005056A75DDC1EEAA9BC2CA7D9AA66EE,2021-01-20
A000400,M003,900741626,7000009745,005056A75DDC1EEAA9BC2CA7D9AA66EE,2021-01-21
A000401,M003,900758113,7000009745,005056A75DDC1EEAA9BC2CA7D9AA66EE,2021-01-23
A000402,M007,900791582,7000009745,005056A75DDC1EEAA9BC2CA7D9AA66EE,2021-01-24
A000403,M009,900796738,32204,3638616237621EEBA4EF73792BE10EAE,2021-01-24
A000404,M010,900822587,7000009745,005056A75DDC1EEAA9BC2CA7D9AA66EE,2021-01-25
A000405,M003,900785949,7000009745,005056A75DDC1EEAA9BC2CA7D9AA66EE,2021-01-26
A000406,M015,900866322,7000009745,005056A75DDC1EEAA9BC2CA7D9AA66EE,2021-01-26
A000407,M005,900787647,32204,3638616237621EEBA4EF73792BE10EAE,2021-01-27
A000408,M005,900787647,55414,3638616237621EEBA4EF84B64BB40F85,2021-01-27
A000409,M005,900787647,55417,3638616237621EEBA4EF75D65ADA0EB1,2021-01-27
A000410,M005,900787647,55417,3638616237621EEBA4EF75D65ADA0EB1,2021-01-27
A000411,M005,900787647,55480,005056A75DDC1EEAAAB458BDA341E971,2021-01-27
A000412,M003,900814684,7000009745,005056A75DDC1EEAA9BC2CA7D9AA66EE,2021-01-27
A000413,M005,900881942,7000009745,005056A75DDC1EEAA9BC2CA7D9AA66EE,2021-01-27
A000414,M005,900881780,7000009745,005056A75DDC1EEAA9BC2CA7D9AA66EE,2021-01-28
A000415,M006,900901466,7000009745,005056A75DDC1EEAA9BC2CA7D9AA66EE,2021-01-29
A000416,M008,900904417,7000009745,005056A75DDC1EEAA9BC2CA7D9AA66EE,2021-01-29
A000417,M009,900929002,55480,005056A75DDC1EEAAAB458BDA341E971,2021-01-29
A000418,M009,900776450,7000009745,005056A75DDC1EEAA9BC2CA7D9AA66EE,2021-01-30
A000419,M011,900934108,7000009745,005056A75DDC1EEAA9BC2CA7D9AA66EE,2021-01-30
A000420,M004,900816401,32204,3638616237621EEBA4EF73792BE10EAE,2021-01-31
A000421,M004,900816401,55414,3638616237621EEBA4EF84B64BB40F85,2021-01-31
A000422,M004,900816401,55417,3638616237621EEBA4EF75D65ADA0EB1,2021-01-31
A000423,M004,900816401,55480,005056A75DDC1EEAAAB458BDA341E971,2021-01-31
A000424,M005,900905961,7000009745,005056A75DDC1EEAA9BC2CA7D9AA66EE,2021-01-31
A000425,M005,900905961,7000009745,005056A75DDC1EEAA9BC2CA7D9AA66EE,2021-01-31
A000426,M003,900942512,7000009745,005056A75DDC1EEAA9BC2CA7D9AA66EE,2021-01-31
A000427,M004,900870945,32204,3638616237621EEBA4EF73792BE10EAE,2021-02-01
A000428,M003,900921865,7000009745,005056A75DDC1EEAA9BC2CA7D9AA66EE,2021-02-01
A000429,M003,900934025,7000009745,005056A75DDC1EEAA9BC2CA7D9AA66EE,2021-02-01
A000430,M014,900878750,7000009745,005056A75DDC1EEAA9BC2CA7D9AA66EE,2021-02-02
A000431,M001,900965609,7000009745,005056A75DDC1EEAA9BC2CA7D9AA66EE,2021-02-02
A000432,M010,900885759,7000009745,005056A75DDC1EEAA9BC2CA7D9AA66EE,2021-02-03
A000433,M012,900954829,7000009745,005056A75DDC1EEAA9BC2CA7D9AA66EE,2021-02-03
A000434,M012,900926740,7000009745,005056A75DDC1EEAA9BC2CA7D9AA66EE,2021-02-04
A000435,M001,900950965,32204,3638616237621EEBA4EF73792BE10EAE,2021-02-04
A000436,M003,901056059,32204,3638616237621EEBA4EF73792BE10EAE,2021-02-04
A000437,M003,900925815,55417,3638616237621EEBA4EF75D65ADA0EB1,2021-02-05
A000438,M003,900925815,70245,3638616237621EEBA4EF77DF8B364EB8,2021-02-05
A000439,M001,900930373,7000009745,005056A75DDC1EEAA9BC2CA7D9AA66EE,2021-02-05
A000440,M003,900795166,7000009745,005056A75DDC1EEAA9BC2CA7D9AA66EE,2021-02-06
A000441,M012,900884591,7000009745,005056A75DDC1EEAA9BC2CA7D9AA66EE,2021-02-07
A000442,M007,901023211,7000009745,005056A75DDC1EEAA9BC2CA7D9AA66EE,2021-02-07
A000443,M005,900991489,7000009745,005056A75DDC1EEAA9BC2CA7D9AA66EE,2021-02-08
A000444,M008,901006938,32204,3638616237621EEBA4EF73792BE10EAE,2021-02-08
A000445,M006,901019369,7000009745,005056A75DDC1EEAA9BC2CA7D9AA66EE,2021-02-08
A000446,M002,901059841,7000009745,005056A75DDC1EEAA9BC2CA7D9AA66EE,2021-02-08
A000447,M005,900831924,7000009745,005056A75DDC1EEAA9BC2CA7D9AA66EE,2021-02-09
A000448,M003,901054430,7000009745,005056A75DDC1EEAA9BC2CA7D9AA66EE,2021-02-09
A000449,M008,901034981,7000009745,005056A75DDC1EEAA9BC2CA7D9AA66EE,2021-02-10
A000450,M008,901034981,7000009745,005056A75DDC1EEAA9BC2CA7D9AA66EE,2021-02-10
A000451,M003,901039678,7000009745,005056A75DDC1EEAA9BC2CA7D9AA66EE,2021-02-10
A000452,M003,901039678,7000009745,005056A75DDC1EEAA9BC2CA7D9AA66EE,2021-02-10
A000453,M010,901034983,7000009745,005056A75DDC1EEAA9BC2CA7D9AA66EE,2021-02-11
A000454,M009,901072574,32204,3638616237621EEBA4EF73792BE10EAE,2021-02-11
A000455,M008,901072327,7000009745,005056A75DDC1EEAA9BC2CA7D9AA66EE,2021-02-12
A000456,M002,901107815,7000009745,005056A75DDC1EEAA9BC2CA7D9AA66EE,2021-02-12
A000457,M008,901056343,32204,3638616237621EEBA4EF73792BE10EAE,2021-02-13
A000458,M014,901122412,7000009745,005056A75DDC1EEAA9BC2CA7D9AA66EE,2021-02-14
A000459,M004,901091741,7000009745,005056A75DDC1EEAA9BC2CA7D9AA66EE,2021-02-15
A000460,M012,901136488,32204,3638616237621EEBA4EF73792BE10EAE,2021-02-16
A000461,M006,901117332,7000009745,005056A75DDC1EEAA9BC2CA7D9AA66EE,2021-02-17
A000462,M003,901173996,7000009745,005056A75DDC1EEAA9BC2CA7D9AA66EE,2021-02-18
A000463,M003,901173996,7000009745,005056A75DDC1EEAA9BC2CA7D9AA66EE,2021-02-18
A000464,M004,901157943,7000009745,005056A75DDC1EEAA9BC2CA7D9AA66EE,2021-02-19
A000465,M003,901166207,7000009745,005056A75DDC1EEAA9BC2CA7D9AA66EE,2021-02-20
A000466,M001,901179216,32204,3638616237621EEBA4EF73792BE10EAE,2021-02-20
A000467,M002,901184356,7000009745,005056A75DDC1EEAA9BC2CA7D9AA66EE,2021-02-21
A000468,M002,901184356,7000009745,005056A75DDC1EEAA9BC2CA7D9AA66EE,2021-02-21
A000469,M001,901141065,7000009745,005056A75DDC1EEAA9BC2CA7D9AA66EE,2021-02-22
A000470,M003,901223477,7000009745,005056A75DDC1EEAA9BC2CA7D9AA66EE,2021-02-22
A000471,M008,900523377,95035,005056A75DDC1EEAAAB5461946344AFB,2021-02-23
A000472,M003,901218734,7000009745,005056A75DDC1EEAA9BC2CA7D9AA66EE,2021-02-23
A000473,M003,901218734,7000009745,005056A75DDC1EEAA9BC2CA7D9AA66EE,2021-02-23
A000474,M003,901206004,7000009745,005056A75DDC1EEAA9BC2CA7D9AA66EE,2021-02-24
A000475,M003,901206004,7000009745,005056A75DDC1EEAA9BC2CA7D9AA66EE,2021-02-24
A000476,M003,900523378,32204,3638616237621EEBA4EF73792BE10EAE,2021-02-25
A000477,M008,900523385,7000009745,005056A75DDC1EEAA9BC2CA7D9AA66EE,2021-02-25
A000478,M003,901232569,7000009745,005056A75DDC1EEAA9BC2CA7D9AA66EE,2021-02-25
A000479,M003,901232569,7000009745,005056A75DDC1EEAA9BC2CA7D9AA66EE,2021-02-25
A000480,M007,901274304,32204,3638616237621EEBA4EF73792BE10EAE,2021-02-25
A000481,M008,901215160,7000009745,005056A75DDC1EEAA9BC2CA7D9AA66EE,2021-02-26
A000482,M005,901247384,7000009745,005056A75DDC1EEAA9BC2CA7D9AA66EE,2021-02-28
A000483,M003,901258376,7000009745,005056A75DDC1EEAA9BC2CA7D9AA66EE,2021-02-28
A000484,M012,901288744,70245,3638616237621EEBA4EF77DF8B364EB8,2021-02-28
A000485,M003,906019137,32204,3638616237621EEBA4EF73792BE10EAE,2021-01-01
A000486,M001,906055870,7000009745,005056A75DDC1EEAA9BC2CA7D9AA66EE,2021-01-01
A000487,M001,906090726,7000009745,005056A75DDC1EEAA9BC2CA7D9AA66EE,2021-01-01
A000488,M014,905942139,7000009745,005056A75DDC1EEAA9BC2CA7D9AA66EE,2021-01-02
A000489,M003,906149016,7000009745,005056A75DDC1EEAA9BC2CA7D9AA66EE,2021-01-02
A000490,M003,906078775,32204,3638616237621EEBA4EF73792BE10EAE,2021-01-03
A000491,M002,906089252,7000009745,005056A75DDC1EEAA9BC2CA7D9AA66EE,2021-01-03
A000492,M011,906157172,7000009745,005056A75DDC1EEAA9BC2CA7D9AA66EE,2021-01-03
A000493,M005,906154527,7000009745,005056A75DDC1EEAA9BC2CA7D9AA66EE,2021-01-04
A000494,M005,906154527,7000009745,005056A75DDC1EEAA9BC2CA7D9AA66EE,2021-01-04
A000495,M001,906213951,7000009745,005056A75DDC1EEAA9BC2CA7D9AA66EE,2021-01-04
A000496,M004,906159784,7000009745,005056A75DDC1EEAA9BC2CA7D9AA66EE,2021-01-05
A000497,M009,906295131,32204,3638616237621EEBA4EF73792BE10EAE,2021-01-05
A000498,M003,906309217,7000009745,005056A75DDC1EEAA9BC2CA7D9AA66EE,2021-01-05
A000499,M005,906251359,7000009745,005056A75DDC1EEAA9BC2CA7D9AA66EE,2021-01-06
A000500,M011,906313897,7000009745,005056A75DDC1EEAA9BC2CA7D9AA66EE,2021-01-06
A000501,M009,906314905,55414,3638616237621EEBA4EF84B64BB40F85,2021-01-06
A000502,M003,906309710,7000009745,005056A75DDC1EEAA9BC2CA7D9AA66EE,2021-01-07
A000503,M003,906309710,7000009745,005056A75DDC1EEAA9BC2CA7D9AA66EE,2021-01-07
A000504,M012,906353036,7000009745,005056A75DDC1EEAA9BC2CA7D9AA66EE,2021-01-07
A000505,M003,906355729,7000009745,005056A75DDC1EEAA9BC2CA7D9AA66EE,2021-01-08
A000506,M003,906442624,7000009745,005056A75DDC1EEAA9BC2CA7D9AA66EE,2021-01-08
A000507,M004,906456837,32204,3638616237621EEBA4EF73792BE10EAE,2021-01-08
A000508,M002,906431806,7000009745,005056A75DDC1EEAA9BC2CA7D9AA66EE,2021-01-09
A000509,M014,906439012,32204,3638616237621EEBA4EF73792BE10EAE,2021-01-09
A000510,M014,906439012,32204,3638616237621EEBA4EF73792BE10EAE,2021-01-09
A000511,M010,906555539,95035,005056A75DDC1EEAAAB5461946344AFB,2021-01-09
A000512,M008,906530463,7000009745,005056A75DDC1EEAA9BC2CA7D9AA66EE,2021-01-10
A000513,M011,906541933,7000009745,005056A75DDC1EEAA9BC2CA7D9AA66EE,2021-01-10
A000514,M008,906604463,95035,005056A75DDC1EEAAAB5461946344AFB,2021-01-10
A000515,M004,906431805,55414,3638616237621EEBA4EF84B64BB40F85,2021-01-11
A000516,M013,906519015,7000009745,005056A75DDC1EEAA9BC2CA7D9AA66EE,2021-01-11
A000517,M003,906533337,7000009745,005056A75DDC1EEAA9BC2CA7D9AA66EE,2021-01-11
A000518,M004,906401740,7000009745,005056A75DDC1EEAA9BC2CA7D9AA66EE,2021-01-12
A000519,M008,906595040,32204,3638616237621EEBA4EF73792BE10EAE,2021-01-12
A000520,M008,906595040,55414,3638616237621ECJIO7R77DF8B364EB8,2021-01-12
A000521,M011,906610654,95035,005056A75DDC1EEAAAB5461946344AFB,2021-01-12
A000522,M004,906660407,7000009745,005056A75DDC1EEAA9BC2CA7D9AA66EE,2021-01-12
A000523,M005,906601068,7000009745,005056A75DDC1EEAA9BC2CA7D9AA66EE,2021-01-13
A000524,M001,906597920,7000009745,005056A75DDC1EEAA9BC2CA7D9AA66EE,2021-01-14
A000525,M005,906555901,7000009745,005056A75DDC1EEAA9BC2CA7D9AA66EE,2021-01-15
A000526,M006,906610655,55414,3638616237621EEBA4EF84B64BB40F85,2021-01-15
A000527,M006,906610655,55417,3638616237621EEBA4EF75D65ADA0EB1,2021-01-15
A000528,M006,906610655,55417,3638616237621EEBA4EF75D65ADA0EB1,2021-01-15
A000529,M006,906610655,55480,005056A75DDC1EEAAAB458BDA341E971,2021-01-15
A000530,M010,906698752,32204,3638616237621EEBA4EF73792BE10EAE,2021-01-16
A000531,M008,906705969,7000009745,005056A75DDC1EEAA9BC2CA7D9AA66EE,2021-01-16
A000532,M011,906698327,7000009745,005056A75DDC1EEAA9BC2CA7D9AA66EE,2021-01-17
A000533,M001,906635705,7000009745,005056A75DDC1EEAA9BC2CA7D9AA66EE,2021-01-18
A000534,M010,906766710,7000009745,005056A75DDC1EEAA9BC2CA7D9AA66EE,2021-01-19
A000535,M012,906793715,7000009745,005056A75DDC1EEAA9BC2CA7D9AA66EE,2021-01-20
A000536,M011,906792665,7000009745,005056A75DDC1EEAA9BC2CA7D9AA66EE,2021-01-21
A000537,M003,906800930,7000009745,005056A75DDC1EEAA9BC2CA7D9AA66EE,2021-01-22
A000538,M010,906819303,7000009745,005056A75DDC1EEAA9BC2CA7D9AA66EE,2021-01-23
A000539,M006,906822782,7000009745,005056A75DDC1EEAA9BC2CA7D9AA66EE,2021-01-24
A000540,M008,906785900,7000009745,005056A75DDC1EEAA9BC2CA7D9AA66EE,2021-01-25
A000541,M001,906731444,7000009745,005056A75DDC1EEAA9BC2CA7D9AA66EE,2021-01-26
A000542,M006,906849317,32204,3638616237621EEBA4EF73792BE10EAE,2021-01-27
A000543,M008,906876528,7000009745,005056A75DDC1EEAA9BC2CA7D9AA66EE,2021-01-27
A000544,M003,906914235,7000009745,005056A75DDC1EEAA9BC2CA7D9AA66EE,2021-01-28
A000545,M003,906914235,7000009745,005056A75DDC1EEAA9BC2CA7D9AA66EE,2021-01-28
A000546,M011,906944331,55480,005056A75DDC1EEAAAB458BDA341E971,2021-01-29
A000547,M010,906963708,7000009745,005056A75DDC1EEAA9BC2CA7D9AA66EE,2021-01-30
A000548,M009,906979018,32204,3638616237621EEBA4EF73792BE10EAE,2021-01-31
A000549,M001,906790306,7000009745,005056A75DDC1EEAA9BC2CA7D9AA66EE,2021-02-01
A000550,M001,906883099,7000009745,005056A75DDC1EEAA9BC2CA7D9AA66EE,2021-02-02
A000551,M008,906937530,7000009745,005056A75DDC1EEAA9BC2CA7D9AA66EE,2021-02-02
A000552,M001,907105709,55480,005056A75DDC1EEAAAB458BDA341E971,2021-02-02
A000553,M003,907082153,7000009745,005056A75DDC1EEAA9BC2CA7D9AA66EE,2021-02-03
A000554,M011,907105707,7000009745,005056A75DDC1EEAA9BC2CA7D9AA66EE,2021-02-04
A000555,M012,907070540,7000009745,005056A75DDC1EEAA9BC2CA7D9AA66EE,2021-02-05
A000556,M012,907141106,7000009745,005056A75DDC1EEAA9BC2CA7D9AA66EE,2021-02-06
A000557,M001,907143967,32204,3638616237621EEBA4EF73792BE10EAE,2021-02-06
A000558,M010,907081221,7000009745,005056A75DDC1EEAA9BC2CA7D9AA66EE,2021-02-07
A000559,M005,907158237,32204,3638616237621EEBA4EF73792BE10EAE,2021-02-08
A000560,M014,907203202,7000009745,005056A75DDC1EEAA9BC2CA7D9AA66EE,2021-02-09
A000561,M011,907199836,7000009745,005056A75DDC1EEAA9BC2CA7D9AA66EE,2021-02-10
A000562,M015,907205285,7000009745,005056A75DDC1EEAA9BC2CA7D9AA66EE,2021-02-11
A000563,M004,907238215,7000009745,005056A75DDC1EEAA9BC2CA7D9AA66EE,2021-02-12
A000564,M004,907238215,7000009745,005056A75DDC1EEAA9BC2CA7D9AA66EE,2021-02-12
A000565,M009,907197190,7000009745,005056A75DDC1EEAA9BC2CA7D9AA66EE,2021-02-13
A000566,M001,907315411,32204,3638616237621EEBA4EF73792BE10EAE,2021-02-14
A000567,M001,907315412,7000009745,005056A75DDC1EEAA9BC2CA7D9AA66EE,2021-02-14
A000568,M001,907098946,7000009745,005056A75DDC1EEAA9BC2CA7D9AA66EE,2021-02-15
A000569,M004,907249041,7000009745,005056A75DDC1EEAA9BC2CA7D9AA66EE,2021-02-16
A000570,M011,907338272,32204,3638616237621EEBA4EF73792BE10EAE,2021-02-17
A000571,M011,907338272,55414,3638616237621EEBA4EF84B64BB40F85,2021-02-17
A000572,M011,907338272,55417,3638616237621EEBA4EF75D65ADA0EB1,2021-02-17
A000573,M011,907338272,55480,005056A75DDC1EEAAAB458BDA341E971,2021-02-17
A000574,M001,907390863,7000009745,005056A75DDC1EEAA9BC2CA7D9AA66EE,2021-02-17
A000575,M004,907291997,7000009745,005056A75DDC1EEAA9BC2CA7D9AA66EE,2021-02-18
A000576,M007,907315981,7000009745,005056A75DDC1EEAA9BC2CA7D9AA66EE,2021-02-19
A000577,M001,907344787,7000009745,005056A75DDC1EEAA9BC2CA7D9AA66EE,2021-02-19
A000578,M001,907344787,7000009745,005056A75DDC1EEAA9BC2CA7D9AA66EE,2021-02-19
A000579,M006,907392734,32204,3638616237621EEBA4EF73792BE10EAE,2021-02-19
A000580,M003,907426170,7000009745,005056A75DDC1EEAA9BC2CA7D9AA66EE,2021-02-19
A000581,M012,907411771,7000009745,005056A75DDC1EEAA9BC2CA7D9AA66EE,2021-02-20
A000582,M012,907421529,32204,3638616237621EEBA4EF73792BE10EAE,2021-02-20
A000583,M006,907353010,7000009745,005056A75DDC1EEAA9BC2CA7D9AA66EE,2021-02-21
A000584,M006,907453297,32204,3638616237621EEBA4EF73792BE10EAE,2021-02-21
A000585,M001,907452008,32204,3638616237621EEBA4EF73792BE10EAE,2021-02-22
A000586,M003,907463511,7000009745,005056A75DDC1EEAA9BC2CA7D9AA66EE,2021-02-22
A000587,M001,907473390,95035,005056A75DDC1EEAAAB5461946344AFB,2021-02-22
A000588,M003,907501560,7000009745,005056A75DDC1EEAA9BC2CA7D9AA66EE,2021-02-23
A000589,M009,907541648,7000009745,005056A75DDC1EEAA9BC2CA7D9AA66EE,2021-02-24
A000590,M012,907543343,55480,005056A75DDC1EEAAAB458BDA341E971,2021-02-25
A000591,M012,907543343,95035,005056A75DDC1EEAAAB5461946344AFB,2021-02-25
A000592,M004,907601607,7000009745,005056A75DDC1EEAA9BC2CA7D9AA66EE,2021-02-26
A000593,M002,907597584,7000009745,005056A75DDC1EEAA9BC2CA7D9AA66EE,2021-02-27
A000594,M002,907597584,7000009745,005056A75DDC1EEAA9BC2CA7D9AA66EE,2021-02-27
A000595,M003,907475139,55480,005056A75DDC1EEAAAB458BDA341E971,2021-02-28
A000596,M003,907475139,70245,3638616237621EEBA4EF77DF8B364EB8,2021-02-28
A000597,M008,907638989,7000009745,005056A75DDC1EEAA9BC2CA7D9AA66EE,2021-02-28
